{
    "train": {
        "top1-acc": [
            52.944,
            60.972,
            64.03,
            67.078,
            70.016,
            72.644,
            74.49,
            75.866,
            76.932,
            78.106,
            78.96,
            79.836,
            80.366,
            81.018,
            81.618,
            82.208,
            82.684,
            83.226,
            83.73,
            84.076,
            84.508,
            84.798,
            85.024,
            85.25,
            85.748,
            85.934,
            86.216,
            86.358,
            86.402,
            86.794
        ],
        "loss": [
            4.545218516921997,
            4.419591739425659,
            4.281415987701416,
            4.126968170623779,
            3.9592950748825073,
            3.7825444232940675,
            3.601968772354126,
            3.418933504447937,
            3.233349857978821,
            3.048553420639038,
            2.866539952774048,
            2.6881791651916505,
            2.5171619144630433,
            2.3522685840797424,
            2.1936911211395262,
            2.046656369857788,
            1.9089989672470093,
            1.7842510445022584,
            1.6673677879714965,
            1.5604402691268922,
            1.4634597285461426,
            1.3760259974575042,
            1.2974666375350952,
            1.2272893168783188,
            1.160924249148369,
            1.1028057764720918,
            1.0511077315568924,
            1.0023761586380004,
            0.9596140018653869,
            0.9196041512489319
        ]
    },
    "test": {
        "top1-acc": [
            60.07,
            62.45,
            65.29,
            68.17,
            71.38,
            73.17,
            74.83,
            76.37,
            77.43,
            78.55,
            79.25,
            79.55,
            80.58,
            81.24,
            81.7,
            82.36,
            82.74,
            83.21,
            83.76,
            84.58,
            84.77,
            84.59,
            84.97,
            85.12,
            85.93,
            85.53,
            85.86,
            85.92,
            86.38,
            86.54
        ],
        "top5-acc": [
            84.68,
            86.58,
            88.45,
            90.5,
            92.16,
            93.28,
            94.06,
            94.66,
            95.17,
            95.61,
            95.94,
            96.22,
            96.42,
            96.52,
            96.87,
            96.84,
            97.05,
            97.3,
            97.16,
            97.34,
            97.52,
            97.44,
            97.7,
            97.73,
            97.79,
            97.9,
            98.0,
            97.86,
            97.97,
            98.17
        ],
        "loss": [
            4.483305011367798,
            4.353064934921265,
            4.207640484237671,
            4.048641600608826,
            3.8761596853256224,
            3.6982670347213746,
            3.51795336933136,
            3.334187271308899,
            3.1510073308944704,
            2.9673381036758424,
            2.7868405841827393,
            2.6140814252853395,
            2.446313891506195,
            2.2855333847999573,
            2.1297710801124574,
            1.9891351981163026,
            1.858064696264267,
            1.7362425784111022,
            1.6275717117786408,
            1.5254573187828064,
            1.4331481526374816,
            1.3507624320030212,
            1.277842040014267,
            1.2091132989406586,
            1.1467588242053985,
            1.0950914628267288,
            1.0387348743200302,
            0.997147611284256,
            0.9550306456089019,
            0.9156832111597061
        ]
    }
}