{
    "train": {
        "top1-acc": [
            35.196,
            50.594,
            57.11,
            62.012,
            64.766,
            67.508,
            69.654,
            69.752,
            71.43,
            72.842,
            74.118,
            73.83,
            76.03,
            75.408,
            77.034,
            78.596,
            77.326,
            76.604,
            77.242,
            77.324,
            79.842,
            78.284,
            79.652,
            77.662,
            79.96,
            79.588,
            80.5,
            81.42,
            79.362,
            82.116,
            80.002,
            81.466,
            82.318,
            80.198,
            80.296,
            82.166,
            83.232,
            82.61,
            83.188,
            83.446,
            81.44,
            84.68,
            82.59,
            83.102,
            82.872,
            83.356,
            83.42,
            83.918,
            82.588,
            84.768,
            84.032,
            84.246,
            84.744,
            85.814,
            85.78,
            83.62,
            84.726,
            86.694,
            85.394,
            85.734,
            85.946,
            87.35,
            85.842,
            86.94,
            85.812,
            87.164,
            85.234,
            86.578,
            85.906,
            87.926,
            85.398,
            85.72,
            86.25,
            85.98,
            87.802,
            85.376,
            87.21,
            85.114,
            85.962,
            86.024,
            85.36,
            85.306,
            88.302,
            87.868,
            87.318,
            84.712,
            87.162,
            86.054,
            85.24,
            87.238,
            87.156,
            86.604,
            87.376,
            88.292,
            88.694,
            88.278,
            86.724,
            87.056,
            89.058,
            86.516
        ],
        "loss": [
            1.8230559371621406,
            1.4510755380401221,
            1.288939847513233,
            1.1691846559419656,
            1.1015308109085884,
            1.041924922667501,
            0.9587024718599246,
            0.9740856320351896,
            0.910872755757988,
            0.8737768834966528,
            0.8678345848684725,
            0.8485617037014583,
            0.7963061904358437,
            0.7908910822380534,
            0.7916284026316059,
            0.7329892843504391,
            0.7587796091804724,
            0.7759679796750588,
            0.7447306099907517,
            0.746930379277605,
            0.6930981989178207,
            0.7008750807217625,
            0.6789575342822562,
            0.7381797901466679,
            0.7035967201146933,
            0.7118282873193016,
            0.6612570123446871,
            0.6330291026502924,
            0.6766478784020294,
            0.5881297137788342,
            0.6919316695169415,
            0.6375319582631673,
            0.6068111276516067,
            0.6251461316195442,
            0.6661575285198591,
            0.5912841789595916,
            0.5548220440326139,
            0.6169882071969073,
            0.5503564158078197,
            0.5614153535374443,
            0.5705052471488637,
            0.5423816577400393,
            0.5881142485886812,
            0.5557980526505453,
            0.5802231579828445,
            0.5876578400506998,
            0.5383652036919084,
            0.5564101308898624,
            0.5638838036752799,
            0.5350181348074008,
            0.5382702328226603,
            0.513135812962261,
            0.501301499583837,
            0.5201446026649392,
            0.48413168723263855,
            0.5224086354484262,
            0.5441017686699033,
            0.5046395812293186,
            0.5010331815758915,
            0.5013898913945068,
            0.497586759433741,
            0.45838217924127495,
            0.47853252258213697,
            0.477984411508569,
            0.47915128028244164,
            0.4667480895200463,
            0.5129136250698534,
            0.4671325006217355,
            0.46905007207339816,
            0.446219316981447,
            0.5079144784806134,
            0.4675482192727001,
            0.4717969300583853,
            0.4884570980116444,
            0.46056224089642855,
            0.5130396196672269,
            0.44201486801211737,
            0.500526144684059,
            0.49008995545831513,
            0.48610333278548934,
            0.4483608861547321,
            0.4756697886257225,
            0.45303353527531054,
            0.431028869596597,
            0.46826422155496505,
            0.48032312664290283,
            0.4529006067425837,
            0.46848316779217264,
            0.4855808659279219,
            0.4247928051002737,
            0.4532816088287984,
            0.5077548092447014,
            0.41116995921665433,
            0.4124303231203525,
            0.4337052050146514,
            0.3929519628500179,
            0.4648353833397922,
            0.43005925746965984,
            0.4243301721393962,
            0.44835097332532065
        ]
    },
    "test": {
        "top1-acc": [
            45.0,
            57.71,
            66.72,
            73.52,
            76.03,
            74.48,
            78.9,
            79.81,
            74.88,
            80.38,
            83.19,
            84.34,
            84.6,
            84.84,
            85.05,
            85.96,
            86.37,
            86.57,
            85.54,
            85.92,
            86.04,
            86.59,
            87.27,
            86.26,
            87.73,
            87.15,
            87.61,
            88.35,
            89.35,
            88.26,
            89.19,
            89.02,
            89.49,
            89.2,
            89.75,
            89.92,
            89.52,
            88.66,
            89.5,
            89.52,
            90.35,
            90.22,
            89.95,
            90.65,
            89.89,
            91.09,
            90.44,
            91.02,
            91.01,
            90.25,
            91.22,
            90.11,
            90.58,
            90.35,
            90.91,
            91.21,
            90.72,
            90.54,
            90.96,
            90.81,
            91.13,
            91.27,
            91.13,
            90.42,
            91.57,
            91.36,
            91.04,
            91.33,
            90.86,
            91.77,
            91.22,
            91.62,
            91.38,
            91.65,
            91.74,
            91.41,
            91.07,
            91.98,
            90.93,
            91.62,
            91.85,
            91.91,
            91.24,
            91.84,
            92.2,
            91.94,
            91.26,
            92.03,
            92.06,
            91.69,
            91.74,
            92.51,
            91.73,
            91.98,
            92.04,
            92.13,
            92.04,
            92.67,
            91.97,
            92.06
        ],