epsilon,loss,top1-acc,top5-acc
0.001,6.3031585807800266,7.624,16.52
0.003,6.430003503417969,5.598,13.456
0.005,6.599270313720702,3.21,9.966
0.01,7.004920478515625,0.718,5.1720000000000015
0.03,7.58650042022705,0.02,1.122
0.05,7.722938110809326,0.004,0.682
0.1,7.807831428527832,0.006,0.458
