epsilon,loss,top1-acc,top5-acc
0.001,6.3031585807800266,7.624,16.52
0.003,6.430003503417969,5.598,13.456
0.005,6.599270313720703,3.21,9.966
