{
    "train": {
        "top1-acc": [
            2.318,
            8.934,
            12.918,
            14.824,
            16.488,
            17.102,
            17.556,
            18.514,
            19.736,
            20.416,
            20.102,
            21.782,
            22.168,
            22.702,
            23.192,
            23.66,
            23.546,
            24.108,
            25.422,
            25.328,
            25.854,
            26.588,
            27.326,
            27.94,
            28.702,
            29.218,
            29.498,
            30.042,
            31.066,
            31.682,
            32.596,
            34.046,
            35.174,
            35.876,
            37.266,
            39.006,
            39.466,
            39.892,
            41.316,
            42.78,
            43.398,
            43.426,
            45.184,
            45.158,
            47.36,
            48.896,
            47.318,
            49.86,
            51.528,
            53.662,
            55.442,
            57.168,
            57.968,
            59.204,
            59.952,
            59.684,
            58.512,
            61.538,
            61.49,
            62.552,
            64.162,
            65.814,
            66.04,
            67.172,
            67.206,
            67.336,
            68.206,
            70.614,
            72.374,
            72.996,
            72.696,
            74.22,
            75.508,
            76.036,
            76.496,
            76.806,
            77.758,
            76.528,
            77.414,
            78.128,
            79.31,
            79.546,
            80.362,
            78.678,
            80.742,
            77.756,
            77.27,
            79.724,
            81.268,
            81.62,
            80.234,
            83.094,
            83.822,
            83.87,
            83.524,
            84.146,
            84.32,
            84.624,
            84.282,
            82.83
        ],
        "loss": [
            4.5568407508850095,
            3.9436597927856445,
            3.69284100440979,
            3.5719695490264893,
            3.482599695281982,
            3.4441709255981445,
            3.424746283950806,
            3.351135389251709,
            3.292932809371948,
            3.265428654022217,
            3.275045064468384,
            3.1864734462738036,
            3.1515470489501953,
            3.1413001107788086,
            3.091108136405945,
            3.0628271747589113,
            3.0624871751785276,
            3.037857617263794,
            2.9742175981903074,
            2.966051781654358,
            2.9521403425598143,
            2.9020714868927002,
            2.8599951824951173,
            2.824899898071289,
            2.7963756035995484,
            2.7655194084167483,
            2.7348297634887695,
            2.6999452659225462,
            2.6568639724349974,
            2.6262821895217896,
            2.5832066069030764,
            2.5063119358825685,
            2.452827339477539,
            2.4011213876342774,
            2.3402024949645996,
            2.2830506286621093,
            2.2385282234954835,
            2.2222929326820373,
            2.1725392224502564,
            2.100430957431793,
            2.0640712953948976,
            2.0640352356910707,
            1.9908103985404968,
            1.9866703386688231,
            1.8887447900009156,
            1.8274458503723146,
            1.8877318867874147,
            1.7882868371391296,
            1.7071607139205933,
            1.6286112914848327,
            1.5629449536132813,
            1.4957760286712647,
            1.4659392754364013,
            1.4127192671585083,
            1.3785417220878602,
            1.3954412775802612,
            1.442867276725769,
            1.319783843421936,
            1.3219099152088165,
            1.2821015092468262,
            1.2229171973514557,
            1.1588234677052498,
            1.1467242125320434,
            1.1082157429599762,
            1.0957344645261764,
            1.098817207403183,
            1.072407825908661,
            0.9910493210983277,
            0.9247637373912334,
            0.8994104750013352,
            0.9086093824827671,
            0.8478685701966285,
            0.8140479219460487,
            0.7892671490216255,
            0.7868727122724056,
            0.7623890305531025,
            0.7252829823446274,
            0.7716785325050354,
            0.7380119977295398,
            0.7186900811564922,
            0.6816894225704669,
            0.6680346023106575,
            0.6425098928713798,
            0.6968614862906933,
            0.6318544385683537,
            0.7406250610136986,
            0.7561538647675514,
            0.6624449130511284,
            0.6151575287377834,
            0.5979762553071976,
            0.6448506450915337,
            0.5528808614826203,
            0.5280952124536037,
            0.517086446737647,
            0.5399025759291649,
            0.5136112487614155,
            0.5052641473442316,
            0.502719666286707,
            0.5135047184106708,
            0.5612000030380487
        ]
    },
    "test": {
        "top1-acc": [
            5.85,
            11.63,
            14.13,
            15.57,
            15.36,
            17.72,
            17.94,
            18.94,
            19.16,
            19.37,
            20.26,
            20.28,
            21.55,
            21.16,
            22.25,
            21.84,
            21.18,
            22.9,
            23.51,
            22.25,
            22.99,
            23.12,
            24.33,
            23.42,
            23.51,
            24.22,
            24.78,
            24.62,
            24.12,
            25.04,
            23.96,
            24.51,
            24.91,
            24.62,
            25.02,
            24.8,
            24.69,
            25.15,
            25.59,
            25.63,
            25.44,
            25.03,
            24.62,
            24.16,
            24.26,
            24.62,
            24.48,
            24.82,
            25.45,
            25.15,
            25.46,
            25.32,
            25.26,
            24.83,
            24.54,
            24.2,
            23.61,
            24.42,
            24.49,
            24.47,
            24.89,
            24.54,
            24.23,
            24.15,
            23.79,
            24.01,
            23.81,
            24.36,
            24.46,
            24.19,
            24.31,
            25.27,
            24.71,
            24.32,
            24.69,
            24.24,
            23.38,
            24.55,
            24.19,
            24.54,
            24.89,
            25.01,
            25.07,
            24.91,
            24.33,
            25.05,
            23.79,
            24.82,
            24.62,
            24.79,
            24.93,
            24.95,
            25.5,
            24.85,
            25.1,
            25.04,
            24.91,
            24.85,
            24.61,
            23.93
        ],